{
  "Total" : {
    "transaction" : "Total",
    "sampleCount" : 99,
    "errorCount" : 0,
    "errorPct" : 0.0,
    "meanResTime" : 2.3030303030303028,
    "medianResTime" : 2.0,
    "minResTime" : 1.0,
    "maxResTime" : 17.0,
    "pct1ResTime" : 3.0,
    "pct2ResTime" : 7.0,
    "pct3ResTime" : 17.0,
    "throughput" : 0.7509785478047153,
    "receivedKBytesPerSec" : 0.19302643643611372,
    "sentKBytesPerSec" : 0.1808627411285918
  },
  "Send Payment from CSV" : {
    "transaction" : "Send Payment from CSV",
    "sampleCount" : 99,
    "errorCount" : 0,
    "errorPct" : 0.0,
    "meanResTime" : 2.3030303030303028,
    "medianResTime" : 2.0,
    "minResTime" : 1.0,
    "maxResTime" : 17.0,
    "pct1ResTime" : 3.0,
    "pct2ResTime" : 7.0,
    "pct3ResTime" : 17.0,
    "throughput" : 0.7509785478047153,
    "receivedKBytesPerSec" : 0.19302643643611372,
    "sentKBytesPerSec" : 0.1808627411285918
  }
}